timeStamp,elapsed,label,responseCode,responseMessage,threadName,dataType,success,failureMessage,bytes,sentBytes,grpThreads,allThreads,URL,Latency,IdleTime,Connect
1648706130875,391,HTTP Request,200,OK,Thread Group 1-1,text,true,,2559,118,1,1,https://www.baidu.com/,386,0,354
1648706131269,20,HTTP Request,200,OK,Thread Group 1-1,text,true,,2559,118,1,1,https://www.baidu.com/,20,0,0
1648706131289,20,HTTP Request,200,OK,Thread Group 1-1,text,true,,2559,118,1,1,https://www.baidu.com/,20,0,0
1648706131310,21,HTTP Request,200,OK,Thread Group 1-1,text,true,,2559,118,1,1,https://www.baidu.com/,21,0,0
1648706131332,20,HTTP Request,200,OK,Thread Group 1-1,text,true,,2559,118,1,1,https://www.baidu.com/,20,0,0
1648706131353,19,HTTP Request,200,OK,Thread Group 1-1,text,true,,2559,118,1,1,https://www.baidu.com/,19,0,0
1648706131372,20,HTTP Request,200,OK,Thread Group 1-1,text,true,,2559,118,1,1,https://www.baidu.com/,20,0,0
1648706131392,19,HTTP Request,200,OK,Thread Group 1-1,text,true,,2559,118,1,1,https://www.baidu.com/,19,0,0
1648706131412,20,HTTP Request,200,OK,Thread Group 1-1,text,true,,2559,118,1,1,https://www.baidu.com/,20,0,0
1648706131433,20,HTTP Request,200,OK,Thread Group 1-1,text,true,,2559,118,1,1,https://www.baidu.com/,20,0,0
1648706131454,20,HTTP Request,200,OK,Thread Group 1-1,text,true,,2559,118,1,1,https://www.baidu.com/,20,0,0
1648706131475,20,HTTP Request,200,OK,Thread Group 1-1,text,true,,2559,118,1,1,https://www.baidu.com/,20,0,0
1648706131496,20,HTTP Request,200,OK,Thread Group 1-1,text,true,,2559,118,1,1,https://www.baidu.com/,20,0,0
1648706131516,20,HTTP Request,200,OK,Thread Group 1-1,text,true,,2559,118,1,1,https://www.baidu.com/,20,0,0
1648706131536,19,HTTP Request,200,OK,Thread Group 1-1,text,true,,2559,118,1,1,https://www.baidu.com/,19,0,0
1648706131556,19,HTTP Request,200,OK,Thread Group 1-1,text,true,,2559,118,1,1,https://www.baidu.com/,19,0,0
1648706131576,20,HTTP Request,200,OK,Thread Group 1-1,text,true,,2559,118,1,1,https://www.baidu.com/,20,0,0
1648706131597,20,HTTP Request,200,OK,Thread Group 1-1,text,true,,2559,118,1,1,https://www.baidu.com/,20,0,0
1648706131618,21,HTTP Request,200,OK,Thread Group 1-1,text,true,,2559,118,1,1,https://www.baidu.com/,21,0,0
1648706131640,20,HTTP Request,200,OK,Thread Group 1-1,text,true,,2559,118,1,1,https://www.baidu.com/,20,0,0
1648706131661,20,HTTP Request,200,OK,Thread Group 1-1,text,true,,2559,118,1,1,https://www.baidu.com/,19,0,0
1648706131681,20,HTTP Request,200,OK,Thread Group 1-1,text,true,,2559,118,1,1,https://www.baidu.com/,20,0,0
1648706131702,19,HTTP Request,200,OK,Thread Group 1-1,text,true,,2559,118,1,1,https://www.baidu.com/,19,0,0
1648706131722,18,HTTP Request,200,OK,Thread Group 1-1,text,true,,2559,118,1,1,https://www.baidu.com/,18,0,0
1648706131741,19,HTTP Request,200,OK,Thread Group 1-1,text,true,,2559,118,1,1,https://www.baidu.com/,18,0,0
1648706131760,19,HTTP Request,200,OK,Thread Group 1-1,text,true,,2559,118,1,1,https://www.baidu.com/,19,0,0
1648706131780,19,HTTP Request,200,OK,Thread Group 1-1,text,true,,2559,118,1,1,https://www.baidu.com/,19,0,0
1648706131800,20,HTTP Request,200,OK,Thread Group 1-1,text,true,,2559,118,1,1,https://www.baidu.com/,20,0,0
1648706131820,20,HTTP Request,200,OK,Thread Group 1-1,text,true,,2559,118,1,1,https://www.baidu.com/,20,0,0
1648706131840,20,HTTP Request,200,OK,Thread Group 1-1,text,true,,2559,118,1,1,https://www.baidu.com/,20,0,0
1648706131861,20,HTTP Request,200,OK,Thread Group 1-1,text,true,,2559,118,1,1,https://www.baidu.com/,19,0,0
1648706131881,20,HTTP Request,200,OK,Thread Group 1-1,text,true,,2559,118,1,1,https://www.baidu.com/,20,0,0
1648706131901,19,HTTP Request,200,OK,Thread Group 1-1,text,true,,2559,118,1,1,https://www.baidu.com/,19,0,0
1648706131920,20,HTTP Request,200,OK,Thread Group 1-1,text,true,,2559,118,1,1,https://www.baidu.com/,20,0,0
1648706131940,18,HTTP Request,200,OK,Thread Group 1-1,text,true,,2559,118,1,1,https://www.baidu.com/,18,0,0
1648706131958,18,HTTP Request,200,OK,Thread Group 1-1,text,true,,2559,118,1,1,https://www.baidu.com/,18,0,0
1648706131976,19,HTTP Request,200,OK,Thread Group 1-1,text,true,,2559,118,1,1,https://www.baidu.com/,19,0,0
1648706131996,20,HTTP Request,200,OK,Thread Group 1-1,text,true,,2559,118,1,1,https://www.baidu.com/,20,0,0
1648706132016,19,HTTP Request,200,OK,Thread Group 1-1,text,true,,2559,118,1,1,https://www.baidu.com/,19,0,0
1648706132035,19,HTTP Request,200,OK,Thread Group 1-1,text,true,,2559,118,1,1,https://www.baidu.com/,19,0,0
1648706132054,19,HTTP Request,200,OK,Thread Group 1-1,text,true,,2559,118,1,1,https://www.baidu.com/,19,0,0
1648706132073,19,HTTP Request,200,OK,Thread Group 1-1,text,true,,2559,118,1,1,https://www.baidu.com/,19,0,0
1648706132092,20,HTTP Request,200,OK,Thread Group 1-1,text,true,,2559,118,1,1,https://www.baidu.com/,20,0,0
1648706132113,17,HTTP Request,200,OK,Thread Group 1-1,text,true,,2559,118,1,1,https://www.baidu.com/,17,0,0
1648706132131,18,HTTP Request,200,OK,Thread Group 1-1,text,true,,2559,118,1,1,https://www.baidu.com/,18,0,0
1648706132149,18,HTTP Request,200,OK,Thread Group 1-1,text,true,,2559,118,1,1,https://www.baidu.com/,18,0,0
1648706132167,18,HTTP Request,200,OK,Thread Group 1-1,text,true,,2559,118,1,1,https://www.baidu.com/,18,0,0
1648706132185,18,HTTP Request,200,OK,Thread Group 1-1,text,true,,2559,118,1,1,https://www.baidu.com/,18,0,0
1648706132203,18,HTTP Request,200,OK,Thread Group 1-1,text,true,,2559,118,1,1,https://www.baidu.com/,18,0,0
1648706132221,18,HTTP Request,200,OK,Thread Group 1-1,text,true,,2559,118,1,1,https://www.baidu.com/,18,0,0
1648706132240,18,HTTP Request,200,OK,Thread Group 1-1,text,true,,2559,118,1,1,https://www.baidu.com/,18,0,0
1648706132258,24,HTTP Request,200,OK,Thread Group 1-1,text,true,,2559,118,1,1,https://www.baidu.com/,24,0,0
1648706132283,19,HTTP Request,200,OK,Thread Group 1-1,text,true,,2559,118,1,1,https://www.baidu.com/,19,0,0
1648706132303,19,HTTP Request,200,OK,Thread Group 1-1,text,true,,2559,118,1,1,https://www.baidu.com/,19,0,0
1648706132323,19,HTTP Request,200,OK,Thread Group 1-1,text,true,,2559,118,1,1,https://www.baidu.com/,19,0,0
1648706132343,18,HTTP Request,200,OK,Thread Group 1-1,text,true,,2559,118,1,1,https://www.baidu.com/,18,0,0
1648706132362,19,HTTP Request,200,OK,Thread Group 1-1,text,true,,2559,118,1,1,https://www.baidu.com/,19,0,0
1648706132382,19,HTTP Request,200,OK,Thread Group 1-1,text,true,,2559,118,1,1,https://www.baidu.com/,19,0,0
1648706132402,19,HTTP Request,200,OK,Thread Group 1-1,text,true,,2559,118,1,1,https://www.baidu.com/,19,0,0
1648706132421,19,HTTP Request,200,OK,Thread Group 1-1,text,true,,2559,118,1,1,https://www.baidu.com/,19,0,0
1648706132441,19,HTTP Request,200,OK,Thread Group 1-1,text,true,,2559,118,1,1,https://www.baidu.com/,19,0,0
1648706132461,18,HTTP Request,200,OK,Thread Group 1-1,text,true,,2559,118,1,1,https://www.baidu.com/,18,0,0
1648706132480,19,HTTP Request,200,OK,Thread Group 1-1,text,true,,2559,118,1,1,https://www.baidu.com/,19,0,0
1648706132500,19,HTTP Request,200,OK,Thread Group 1-1,text,true,,2559,118,1,1,https://www.baidu.com/,19,0,0
1648706132520,19,HTTP Request,200,OK,Thread Group 1-1,text,true,,2559,118,1,1,https://www.baidu.com/,19,0,0
1648706132540,19,HTTP Request,200,OK,Thread Group 1-1,text,true,,2559,118,1,1,https://www.baidu.com/,19,0,0
1648706132560,18,HTTP Request,200,OK,Thread Group 1-1,text,true,,2559,118,1,1,https://www.baidu.com/,18,0,0
1648706132579,18,HTTP Request,200,OK,Thread Group 1-1,text,true,,2559,118,1,1,https://www.baidu.com/,18,0,0
1648706132598,19,HTTP Request,200,OK,Thread Group 1-1,text,true,,2559,118,1,1,https://www.baidu.com/,19,0,0
1648706132617,21,HTTP Request,200,OK,Thread Group 1-1,text,true,,2559,118,1,1,https://www.baidu.com/,21,0,0
1648706132639,19,HTTP Request,200,OK,Thread Group 1-1,text,true,,2559,118,1,1,https://www.baidu.com/,19,0,0
1648706132658,20,HTTP Request,200,OK,Thread Group 1-1,text,true,,2559,118,1,1,https://www.baidu.com/,20,0,0
1648706132678,19,HTTP Request,200,OK,Thread Group 1-1,text,true,,2559,118,1,1,https://www.baidu.com/,19,0,0
1648706132698,19,HTTP Request,200,OK,Thread Group 1-1,text,true,,2559,118,1,1,https://www.baidu.com/,18,0,0
1648706132717,18,HTTP Request,200,OK,Thread Group 1-1,text,true,,2559,118,1,1,https://www.baidu.com/,18,0,0
1648706132736,19,HTTP Request,200,OK,Thread Group 1-1,text,true,,2559,118,1,1,https://www.baidu.com/,19,0,0
1648706132756,19,HTTP Request,200,OK,Thread Group 1-1,text,true,,2559,118,1,1,https://www.baidu.com/,19,0,0
1648706132776,19,HTTP Request,200,OK,Thread Group 1-1,text,true,,2559,118,1,1,https://www.baidu.com/,19,0,0
1648706132796,19,HTTP Request,200,OK,Thread Group 1-1,text,true,,2559,118,1,1,https://www.baidu.com/,19,0,0
1648706132815,19,HTTP Request,200,OK,Thread Group 1-1,text,true,,2559,118,1,1,https://www.baidu.com/,19,0,0
1648706132834,19,HTTP Request,200,OK,Thread Group 1-1,text,true,,2559,118,1,1,https://www.baidu.com/,19,0,0
1648706132853,19,HTTP Request,200,OK,Thread Group 1-1,text,true,,2559,118,1,1,https://www.baidu.com/,19,0,0
1648706132872,19,HTTP Request,200,OK,Thread Group 1-1,text,true,,2559,118,1,1,https://www.baidu.com/,19,0,0
1648706132891,19,HTTP Request,200,OK,Thread Group 1-1,text,true,,2559,118,1,1,https://www.baidu.com/,19,0,0
1648706132911,19,HTTP Request,200,OK,Thread Group 1-1,text,true,,2559,118,1,1,https://www.baidu.com/,18,0,0
1648706132930,20,HTTP Request,200,OK,Thread Group 1-1,text,true,,2559,118,1,1,https://www.baidu.com/,19,0,0
1648706132950,19,HTTP Request,200,OK,Thread Group 1-1,text,true,,2559,118,1,1,https://www.baidu.com/,19,0,0
1648706132969,20,HTTP Request,200,OK,Thread Group 1-1,text,true,,2559,118,1,1,https://www.baidu.com/,20,0,0
1648706132989,19,HTTP Request,200,OK,Thread Group 1-1,text,true,,2559,118,1,1,https://www.baidu.com/,19,0,0
1648706133009,18,HTTP Request,200,OK,Thread Group 1-1,text,true,,2559,118,1,1,https://www.baidu.com/,18,0,0
1648706133028,19,HTTP Request,200,OK,Thread Group 1-1,text,true,,2559,118,1,1,https://www.baidu.com/,19,0,0
1648706133048,18,HTTP Request,200,OK,Thread Group 1-1,text,true,,2559,118,1,1,https://www.baidu.com/,18,0,0
1648706133066,19,HTTP Request,200,OK,Thread Group 1-1,text,true,,2559,118,1,1,https://www.baidu.com/,19,0,0
1648706133086,19,HTTP Request,200,OK,Thread Group 1-1,text,true,,2559,118,1,1,https://www.baidu.com/,19,0,0
1648706133105,19,HTTP Request,200,OK,Thread Group 1-1,text,true,,2559,118,1,1,https://www.baidu.com/,19,0,0
1648706133125,19,HTTP Request,200,OK,Thread Group 1-1,text,true,,2559,118,1,1,https://www.baidu.com/,19,0,0
1648706133145,18,HTTP Request,200,OK,Thread Group 1-1,text,true,,2559,118,1,1,https://www.baidu.com/,18,0,0
1648706133164,18,HTTP Request,200,OK,Thread Group 1-1,text,true,,2559,118,1,1,https://www.baidu.com/,18,0,0
1648706133183,19,HTTP Request,200,OK,Thread Group 1-1,text,true,,2559,118,1,1,https://www.baidu.com/,19,0,0
1648706133202,19,HTTP Request,200,OK,Thread Group 1-1,text,true,,2559,118,1,1,https://www.baidu.com/,19,0,0
1648706133222,19,HTTP Request,200,OK,Thread Group 1-1,text,true,,2559,118,1,1,https://www.baidu.com/,19,0,0
1648706133241,19,HTTP Request,200,OK,Thread Group 1-1,text,true,,2559,118,1,1,https://www.baidu.com/,19,0,0
1648706133261,20,HTTP Request,200,OK,Thread Group 1-1,text,true,,2559,118,1,1,https://www.baidu.com/,19,0,0
1648706133281,18,HTTP Request,200,OK,Thread Group 1-1,text,true,,2559,118,1,1,https://www.baidu.com/,18,0,0
1648706133300,19,HTTP Request,200,OK,Thread Group 1-1,text,true,,2559,118,1,1,https://www.baidu.com/,19,0,0
1648706133320,19,HTTP Request,200,OK,Thread Group 1-1,text,true,,2559,118,1,1,https://www.baidu.com/,18,0,0
1648706133339,19,HTTP Request,200,OK,Thread Group 1-1,text,true,,2559,118,1,1,https://www.baidu.com/,19,0,0
1648706133359,18,HTTP Request,200,OK,Thread Group 1-1,text,true,,2559,118,1,1,https://www.baidu.com/,18,0,0
1648706133378,19,HTTP Request,200,OK,Thread Group 1-1,text,true,,2559,118,1,1,https://www.baidu.com/,19,0,0
1648706133398,19,HTTP Request,200,OK,Thread Group 1-1,text,true,,2559,118,1,1,https://www.baidu.com/,19,0,0
1648706133417,19,HTTP Request,200,OK,Thread Group 1-1,text,true,,2559,118,1,1,https://www.baidu.com/,19,0,0
1648706133437,18,HTTP Request,200,OK,Thread Group 1-1,text,true,,2559,118,1,1,https://www.baidu.com/,18,0,0
1648706133456,19,HTTP Request,200,OK,Thread Group 1-1,text,true,,2559,118,1,1,https://www.baidu.com/,19,0,0
1648706133476,19,HTTP Request,200,OK,Thread Group 1-1,text,true,,2559,118,1,1,https://www.baidu.com/,19,0,0
1648706133496,19,HTTP Request,200,OK,Thread Group 1-1,text,true,,2559,118,1,1,https://www.baidu.com/,19,0,0
1648706133515,19,HTTP Request,200,OK,Thread Group 1-1,text,true,,2559,118,1,1,https://www.baidu.com/,19,0,0
1648706133535,19,HTTP Request,200,OK,Thread Group 1-1,text,true,,2559,118,1,1,https://www.baidu.com/,19,0,0
1648706133555,19,HTTP Request,200,OK,Thread Group 1-1,text,true,,2559,118,1,1,https://www.baidu.com/,19,0,0
1648706133574,19,HTTP Request,200,OK,Thread Group 1-1,text,true,,2559,118,1,1,https://www.baidu.com/,19,0,0
1648706133593,19,HTTP Request,200,OK,Thread Group 1-1,text,true,,2559,118,1,1,https://www.baidu.com/,19,0,0
1648706133613,19,HTTP Request,200,OK,Thread Group 1-1,text,true,,2559,118,1,1,https://www.baidu.com/,19,0,0
1648706133633,21,HTTP Request,200,OK,Thread Group 1-1,text,true,,2559,118,1,1,https://www.baidu.com/,21,0,0
1648706133654,20,HTTP Request,200,OK,Thread Group 1-1,text,true,,2559,118,1,1,https://www.baidu.com/,20,0,0
1648706133674,19,HTTP Request,200,OK,Thread Group 1-1,text,true,,2559,118,1,1,https://www.baidu.com/,19,0,0
1648706133694,18,HTTP Request,200,OK,Thread Group 1-1,text,true,,2559,118,1,1,https://www.baidu.com/,18,0,0
1648706133713,19,HTTP Request,200,OK,Thread Group 1-1,text,true,,2559,118,1,1,https://www.baidu.com/,19,0,0
1648706133732,20,HTTP Request,200,OK,Thread Group 1-1,text,true,,2559,118,1,1,https://www.baidu.com/,20,0,0
1648706133753,20,HTTP Request,200,OK,Thread Group 1-1,text,true,,2559,118,1,1,https://www.baidu.com/,20,0,0
1648706133774,19,HTTP Request,200,OK,Thread Group 1-1,text,true,,2559,118,1,1,https://www.baidu.com/,19,0,0
1648706133794,18,HTTP Request,200,OK,Thread Group 1-1,text,true,,2559,118,1,1,https://www.baidu.com/,18,0,0
1648706133813,19,HTTP Request,200,OK,Thread Group 1-1,text,true,,2559,118,1,1,https://www.baidu.com/,19,0,0
1648706133832,19,HTTP Request,200,OK,Thread Group 1-1,text,true,,2559,118,1,1,https://www.baidu.com/,19,0,0
1648706133851,20,HTTP Request,200,OK,Thread Group 1-1,text,true,,2559,118,1,1,https://www.baidu.com/,20,0,0
1648706133872,19,HTTP Request,200,OK,Thread Group 1-1,text,true,,2559,118,1,1,https://www.baidu.com/,19,0,0
1648706133891,19,HTTP Request,200,OK,Thread Group 1-1,text,true,,2559,118,1,1,https://www.baidu.com/,19,0,0
1648706133911,19,HTTP Request,200,OK,Thread Group 1-1,text,true,,2559,118,1,1,https://www.baidu.com/,19,0,0
1648706133930,21,HTTP Request,200,OK,Thread Group 1-1,text,true,,2559,118,1,1,https://www.baidu.com/,21,0,0
1648706133952,18,HTTP Request,200,OK,Thread Group 1-1,text,true,,2559,118,1,1,https://www.baidu.com/,18,0,0
1648706133971,20,HTTP Request,200,OK,Thread Group 1-1,text,true,,2559,118,1,1,https://www.baidu.com/,20,0,0
1648706133992,20,HTTP Request,200,OK,Thread Group 1-1,text,true,,2559,118,1,1,https://www.baidu.com/,20,0,0
1648706134013,18,HTTP Request,200,OK,Thread Group 1-1,text,true,,2559,118,1,1,https://www.baidu.com/,18,0,0
1648706134032,18,HTTP Request,200,OK,Thread Group 1-1,text,true,,2559,118,1,1,https://www.baidu.com/,18,0,0
1648706134051,18,HTTP Request,200,OK,Thread Group 1-1,text,true,,2559,118,1,1,https://www.baidu.com/,18,0,0
1648706134070,18,HTTP Request,200,OK,Thread Group 1-1,text,true,,2559,118,1,1,https://www.baidu.com/,18,0,0
1648706134089,19,HTTP Request,200,OK,Thread Group 1-1,text,true,,2559,118,1,1,https://www.baidu.com/,19,0,0
1648706134108,19,HTTP Request,200,OK,Thread Group 1-1,text,true,,2559,118,1,1,https://www.baidu.com/,19,0,0
1648706134127,20,HTTP Request,200,OK,Thread Group 1-1,text,true,,2559,118,1,1,https://www.baidu.com/,20,0,0
1648706134147,20,HTTP Request,200,OK,Thread Group 1-1,text,true,,2559,118,1,1,https://www.baidu.com/,20,0,0
1648706134167,19,HTTP Request,200,OK,Thread Group 1-1,text,true,,2559,118,1,1,https://www.baidu.com/,19,0,0
1648706134187,19,HTTP Request,200,OK,Thread Group 1-1,text,true,,2559,118,1,1,https://www.baidu.com/,19,0,0
1648706134206,19,HTTP Request,200,OK,Thread Group 1-1,text,true,,2559,118,1,1,https://www.baidu.com/,19,0,0
1648706134226,19,HTTP Request,200,OK,Thread Group 1-1,text,true,,2559,118,1,1,https://www.baidu.com/,19,0,0
1648706134245,19,HTTP Request,200,OK,Thread Group 1-1,text,true,,2559,118,1,1,https://www.baidu.com/,19,0,0
1648706134265,21,HTTP Request,200,OK,Thread Group 1-1,text,true,,2559,118,1,1,https://www.baidu.com/,21,0,0
1648706134286,20,HTTP Request,200,OK,Thread Group 1-1,text,true,,2559,118,1,1,https://www.baidu.com/,20,0,0
1648706134307,22,HTTP Request,200,OK,Thread Group 1-1,text,true,,2559,118,1,1,https://www.baidu.com/,22,0,0
1648706134330,20,HTTP Request,200,OK,Thread Group 1-1,text,true,,2559,118,1,1,https://www.baidu.com/,19,0,0
1648706134350,21,HTTP Request,200,OK,Thread Group 1-1,text,true,,2559,118,1,1,https://www.baidu.com/,21,0,0
1648706134371,20,HTTP Request,200,OK,Thread Group 1-1,text,true,,2559,118,1,1,https://www.baidu.com/,20,0,0
1648706134392,19,HTTP Request,200,OK,Thread Group 1-1,text,true,,2559,118,1,1,https://www.baidu.com/,19,0,0
1648706134412,19,HTTP Request,200,OK,Thread Group 1-1,text,true,,2559,118,1,1,https://www.baidu.com/,19,0,0
1648706134432,18,HTTP Request,200,OK,Thread Group 1-1,text,true,,2559,118,1,1,https://www.baidu.com/,18,0,0
1648706134451,18,HTTP Request,200,OK,Thread Group 1-1,text,true,,2559,118,1,1,https://www.baidu.com/,18,0,0
1648706134469,19,HTTP Request,200,OK,Thread Group 1-1,text,true,,2559,118,1,1,https://www.baidu.com/,18,0,0
1648706134488,19,HTTP Request,200,OK,Thread Group 1-1,text,true,,2559,118,1,1,https://www.baidu.com/,19,0,0
1648706134507,20,HTTP Request,200,OK,Thread Group 1-1,text,true,,2559,118,1,1,https://www.baidu.com/,20,0,0
1648706134527,20,HTTP Request,200,OK,Thread Group 1-1,text,true,,2559,118,1,1,https://www.baidu.com/,20,0,0
1648706134547,19,HTTP Request,200,OK,Thread Group 1-1,text,true,,2559,118,1,1,https://www.baidu.com/,19,0,0
1648706134567,18,HTTP Request,200,OK,Thread Group 1-1,text,true,,2559,118,1,1,https://www.baidu.com/,18,0,0
1648706134586,19,HTTP Request,200,OK,Thread Group 1-1,text,true,,2559,118,1,1,https://www.baidu.com/,19,0,0
1648706134606,19,HTTP Request,200,OK,Thread Group 1-1,text,true,,2559,118,1,1,https://www.baidu.com/,19,0,0
1648706134626,19,HTTP Request,200,OK,Thread Group 1-1,text,true,,2559,118,1,1,https://www.baidu.com/,19,0,0
1648706134646,18,HTTP Request,200,OK,Thread Group 1-1,text,true,,2559,118,1,1,https://www.baidu.com/,18,0,0
1648706134665,19,HTTP Request,200,OK,Thread Group 1-1,text,true,,2559,118,1,1,https://www.baidu.com/,19,0,0
1648706134685,19,HTTP Request,200,OK,Thread Group 1-1,text,true,,2559,118,1,1,https://www.baidu.com/,18,0,0
1648706134704,20,HTTP Request,200,OK,Thread Group 1-1,text,true,,2559,118,1,1,https://www.baidu.com/,20,0,0
1648706134724,20,HTTP Request,200,OK,Thread Group 1-1,text,true,,2559,118,1,1,https://www.baidu.com/,20,0,0
1648706134744,19,HTTP Request,200,OK,Thread Group 1-1,text,true,,2559,118,1,1,https://www.baidu.com/,19,0,0
1648706134764,19,HTTP Request,200,OK,Thread Group 1-1,text,true,,2559,118,1,1,https://www.baidu.com/,19,0,0
1648706134783,18,HTTP Request,200,OK,Thread Group 1-1,text,true,,2559,118,1,1,https://www.baidu.com/,18,0,0
1648706134802,18,HTTP Request,200,OK,Thread Group 1-1,text,true,,2559,118,1,1,https://www.baidu.com/,18,0,0
1648706134820,19,HTTP Request,200,OK,Thread Group 1-1,text,true,,2559,118,1,1,https://www.baidu.com/,19,0,0
1648706134839,19,HTTP Request,200,OK,Thread Group 1-1,text,true,,2559,118,1,1,https://www.baidu.com/,19,0,0
1648706134858,19,HTTP Request,200,OK,Thread Group 1-1,text,true,,2559,118,1,1,https://www.baidu.com/,19,0,0
1648706134877,18,HTTP Request,200,OK,Thread Group 1-1,text,true,,2559,118,1,1,https://www.baidu.com/,18,0,0
1648706134896,18,HTTP Request,200,OK,Thread Group 1-1,text,true,,2559,118,1,1,https://www.baidu.com/,18,0,0
1648706134915,19,HTTP Request,200,OK,Thread Group 1-1,text,true,,2559,118,1,1,https://www.baidu.com/,18,0,0
1648706134934,19,HTTP Request,200,OK,Thread Group 1-1,text,true,,2559,118,1,1,https://www.baidu.com/,19,0,0
1648706134954,18,HTTP Request,200,OK,Thread Group 1-1,text,true,,2559,118,1,1,https://www.baidu.com/,18,0,0
1648706134973,18,HTTP Request,200,OK,Thread Group 1-1,text,true,,2559,118,1,1,https://www.baidu.com/,18,0,0
1648706134992,18,HTTP Request,200,OK,Thread Group 1-1,text,true,,2559,118,1,1,https://www.baidu.com/,18,0,0
1648706135010,18,HTTP Request,200,OK,Thread Group 1-1,text,true,,2559,118,1,1,https://www.baidu.com/,18,0,0
1648706135029,18,HTTP Request,200,OK,Thread Group 1-1,text,true,,2559,118,1,1,https://www.baidu.com/,18,0,0
1648706135048,19,HTTP Request,200,OK,Thread Group 1-1,text,true,,2559,118,1,1,https://www.baidu.com/,18,0,0
1648706135067,19,HTTP Request,200,OK,Thread Group 1-1,text,true,,2559,118,1,1,https://www.baidu.com/,19,0,0
1648706135086,18,HTTP Request,200,OK,Thread Group 1-1,text,true,,2559,118,1,1,https://www.baidu.com/,18,0,0
1648706135105,19,HTTP Request,200,OK,Thread Group 1-1,text,true,,2559,118,1,1,https://www.baidu.com/,19,0,0
1648706135124,19,HTTP Request,200,OK,Thread Group 1-1,text,true,,2559,118,1,1,https://www.baidu.com/,19,0,0
1648706135143,19,HTTP Request,200,OK,Thread Group 1-1,text,true,,2559,118,1,1,https://www.baidu.com/,19,0,0
1648706135162,19,HTTP Request,200,OK,Thread Group 1-1,text,true,,2559,118,1,1,https://www.baidu.com/,19,0,0
1648706135182,18,HTTP Request,200,OK,Thread Group 1-1,text,true,,2559,118,1,1,https://www.baidu.com/,18,0,0
1648706135201,18,HTTP Request,200,OK,Thread Group 1-1,text,true,,2559,118,1,1,https://www.baidu.com/,18,0,0
1648706135219,19,HTTP Request,200,OK,Thread Group 1-1,text,true,,2559,118,1,1,https://www.baidu.com/,19,0,0
1648706135239,18,HTTP Request,200,OK,Thread Group 1-1,text,true,,2559,118,1,1,https://www.baidu.com/,18,0,0
1648706135258,23,HTTP Request,200,OK,Thread Group 1-1,text,true,,2559,118,1,1,https://www.baidu.com/,23,0,0
1648706135282,19,HTTP Request,200,OK,Thread Group 1-1,text,true,,2559,118,1,1,https://www.baidu.com/,19,0,0
1648706135302,19,HTTP Request,200,OK,Thread Group 1-1,text,true,,2559,118,1,1,https://www.baidu.com/,19,0,0
1648706135321,19,HTTP Request,200,OK,Thread Group 1-1,text,true,,2559,118,1,1,https://www.baidu.com/,19,0,0
1648706135340,20,HTTP Request,200,OK,Thread Group 1-1,text,true,,2559,118,1,1,https://www.baidu.com/,20,0,0
1648706135360,19,HTTP Request,200,OK,Thread Group 1-1,text,true,,2559,118,1,1,https://www.baidu.com/,19,0,0
1648706135380,19,HTTP Request,200,OK,Thread Group 1-1,text,true,,2559,118,1,1,https://www.baidu.com/,19,0,0
1648706135399,19,HTTP Request,200,OK,Thread Group 1-1,text,true,,2559,118,1,1,https://www.baidu.com/,19,0,0
1648706135419,19,HTTP Request,200,OK,Thread Group 1-1,text,true,,2559,118,1,1,https://www.baidu.com/,19,0,0
1648706135438,19,HTTP Request,200,OK,Thread Group 1-1,text,true,,2559,118,1,1,https://www.baidu.com/,19,0,0
1648706135458,18,HTTP Request,200,OK,Thread Group 1-1,text,true,,2559,118,1,1,https://www.baidu.com/,18,0,0
1648706135476,18,HTTP Request,200,OK,Thread Group 1-1,text,true,,2559,118,1,1,https://www.baidu.com/,18,0,0
1648706135495,17,HTTP Request,200,OK,Thread Group 1-1,text,true,,2559,118,1,1,https://www.baidu.com/,17,0,0
1648706135512,19,HTTP Request,200,OK,Thread Group 1-1,text,true,,2559,118,1,1,https://www.baidu.com/,19,0,0
1648706135531,20,HTTP Request,200,OK,Thread Group 1-1,text,true,,2559,118,1,1,https://www.baidu.com/,20,0,0
1648706135551,19,HTTP Request,200,OK,Thread Group 1-1,text,true,,2559,118,1,1,https://www.baidu.com/,19,0,0
1648706135570,19,HTTP Request,200,OK,Thread Group 1-1,text,true,,2559,118,1,1,https://www.baidu.com/,19,0,0
1648706135590,18,HTTP Request,200,OK,Thread Group 1-1,text,true,,2559,118,1,1,https://www.baidu.com/,18,0,0
1648706135609,18,HTTP Request,200,OK,Thread Group 1-1,text,true,,2559,118,1,1,https://www.baidu.com/,18,0,0
1648706135627,19,HTTP Request,200,OK,Thread Group 1-1,text,true,,2559,118,1,1,https://www.baidu.com/,19,0,0
1648706135646,19,HTTP Request,200,OK,Thread Group 1-1,text,true,,2559,118,1,1,https://www.baidu.com/,19,0,0
1648706135665,20,HTTP Request,200,OK,Thread Group 1-1,text,true,,2559,118,1,1,https://www.baidu.com/,20,0,0
1648706135685,19,HTTP Request,200,OK,Thread Group 1-1,text,true,,2559,118,1,1,https://www.baidu.com/,19,0,0
1648706135705,19,HTTP Request,200,OK,Thread Group 1-1,text,true,,2559,118,1,1,https://www.baidu.com/,19,0,0
1648706135724,19,HTTP Request,200,OK,Thread Group 1-1,text,true,,2559,118,1,1,https://www.baidu.com/,19,0,0
1648706135743,19,HTTP Request,200,OK,Thread Group 1-1,text,true,,2559,118,1,1,https://www.baidu.com/,19,0,0
1648706135763,18,HTTP Request,200,OK,Thread Group 1-1,text,true,,2559,118,1,1,https://www.baidu.com/,18,0,0
1648706135782,19,HTTP Request,200,OK,Thread Group 1-1,text,true,,2559,118,1,1,https://www.baidu.com/,19,0,0
1648706135802,20,HTTP Request,200,OK,Thread Group 1-1,text,true,,2559,118,1,1,https://www.baidu.com/,20,0,0
1648706135822,20,HTTP Request,200,OK,Thread Group 1-1,text,true,,2559,118,1,1,https://www.baidu.com/,20,0,0
1648706135842,19,HTTP Request,200,OK,Thread Group 1-1,text,true,,2559,118,1,1,https://www.baidu.com/,19,0,0
1648706135861,20,HTTP Request,200,OK,Thread Group 1-1,text,true,,2559,118,1,1,https://www.baidu.com/,20,0,0
1648706135881,20,HTTP Request,200,OK,Thread Group 1-1,text,true,,2559,118,1,1,https://www.baidu.com/,20,0,0
1648706135901,19,HTTP Request,200,OK,Thread Group 1-1,text,true,,2559,118,1,1,https://www.baidu.com/,19,0,0
1648706135920,18,HTTP Request,200,OK,Thread Group 1-1,text,true,,2559,118,1,1,https://www.baidu.com/,18,0,0
1648706135939,18,HTTP Request,200,OK,Thread Group 1-1,text,true,,2559,118,1,1,https://www.baidu.com/,18,0,0
1648706135958,20,HTTP Request,200,OK,Thread Group 1-1,text,true,,2559,118,1,1,https://www.baidu.com/,20,0,0
1648706135978,19,HTTP Request,200,OK,Thread Group 1-1,text,true,,2559,118,1,1,https://www.baidu.com/,19,0,0
1648706135997,19,HTTP Request,200,OK,Thread Group 1-1,text,true,,2559,118,1,1,https://www.baidu.com/,19,0,0
1648706136017,20,HTTP Request,200,OK,Thread Group 1-1,text,true,,2559,118,1,1,https://www.baidu.com/,20,0,0
1648706136037,20,HTTP Request,200,OK,Thread Group 1-1,text,true,,2559,118,1,1,https://www.baidu.com/,19,0,0
1648706136057,18,HTTP Request,200,OK,Thread Group 1-1,text,true,,2559,118,1,1,https://www.baidu.com/,18,0,0
1648706136076,19,HTTP Request,200,OK,Thread Group 1-1,text,true,,2559,118,1,1,https://www.baidu.com/,19,0,0
1648706136096,19,HTTP Request,200,OK,Thread Group 1-1,text,true,,2559,118,1,1,https://www.baidu.com/,19,0,0
1648706136115,22,HTTP Request,200,OK,Thread Group 1-1,text,true,,2559,118,1,1,https://www.baidu.com/,22,0,0
1648706136137,19,HTTP Request,200,OK,Thread Group 1-1,text,true,,2559,118,1,1,https://www.baidu.com/,19,0,0
1648706136156,19,HTTP Request,200,OK,Thread Group 1-1,text,true,,2559,118,1,1,https://www.baidu.com/,19,0,0
1648706136176,20,HTTP Request,200,OK,Thread Group 1-1,text,true,,2559,118,1,1,https://www.baidu.com/,20,0,0
1648706136196,19,HTTP Request,200,OK,Thread Group 1-1,text,true,,2559,118,1,1,https://www.baidu.com/,19,0,0
1648706136215,20,HTTP Request,200,OK,Thread Group 1-1,text,true,,2559,118,1,1,https://www.baidu.com/,20,0,0
1648706136235,20,HTTP Request,200,OK,Thread Group 1-1,text,true,,2559,118,1,1,https://www.baidu.com/,20,0,0
1648706136255,25,HTTP Request,200,OK,Thread Group 1-1,text,true,,2559,118,1,1,https://www.baidu.com/,25,0,0
1648706136280,19,HTTP Request,200,OK,Thread Group 1-1,text,true,,2559,118,1,1,https://www.baidu.com/,19,0,0
1648706136299,19,HTTP Request,200,OK,Thread Group 1-1,text,true,,2559,118,1,1,https://www.baidu.com/,18,0,0
1648706136318,19,HTTP Request,200,OK,Thread Group 1-1,text,true,,2559,118,1,1,https://www.baidu.com/,18,0,0
1648706136337,19,HTTP Request,200,OK,Thread Group 1-1,text,true,,2559,118,1,1,https://www.baidu.com/,19,0,0
1648706136356,19,HTTP Request,200,OK,Thread Group 1-1,text,true,,2559,118,1,1,https://www.baidu.com/,19,0,0
1648706136375,19,HTTP Request,200,OK,Thread Group 1-1,text,true,,2559,118,1,1,https://www.baidu.com/,19,0,0
1648706136395,18,HTTP Request,200,OK,Thread Group 1-1,text,true,,2559,118,1,1,https://www.baidu.com/,18,0,0
1648706136413,19,HTTP Request,200,OK,Thread Group 1-1,text,true,,2559,118,1,1,https://www.baidu.com/,19,0,0
1648706136432,19,HTTP Request,200,OK,Thread Group 1-1,text,true,,2559,118,1,1,https://www.baidu.com/,19,0,0
1648706136452,20,HTTP Request,200,OK,Thread Group 1-1,text,true,,2559,118,1,1,https://www.baidu.com/,20,0,0
1648706136473,18,HTTP Request,200,OK,Thread Group 1-1,text,true,,2559,118,1,1,https://www.baidu.com/,18,0,0
1648706136492,18,HTTP Request,200,OK,Thread Group 1-1,text,true,,2559,118,1,1,https://www.baidu.com/,18,0,0
1648706136510,19,HTTP Request,200,OK,Thread Group 1-1,text,true,,2559,118,1,1,https://www.baidu.com/,19,0,0
1648706136529,19,HTTP Request,200,OK,Thread Group 1-1,text,true,,2559,118,1,1,https://www.baidu.com/,19,0,0
1648706136548,19,HTTP Request,200,OK,Thread Group 1-1,text,true,,2559,118,1,1,https://www.baidu.com/,19,0,0
1648706136567,19,HTTP Request,200,OK,Thread Group 1-1,text,true,,2559,118,1,1,https://www.baidu.com/,19,0,0
1648706136586,20,HTTP Request,200,OK,Thread Group 1-1,text,true,,2559,118,1,1,https://www.baidu.com/,20,0,0
1648706136606,19,HTTP Request,200,OK,Thread Group 1-1,text,true,,2559,118,1,1,https://www.baidu.com/,19,0,0
1648706136626,18,HTTP Request,200,OK,Thread Group 1-1,text,true,,2559,118,1,1,https://www.baidu.com/,18,0,0
1648706136645,19,HTTP Request,200,OK,Thread Group 1-1,text,true,,2559,118,1,1,https://www.baidu.com/,18,0,0
1648706136664,19,HTTP Request,200,OK,Thread Group 1-1,text,true,,2559,118,1,1,https://www.baidu.com/,19,0,0
1648706136683,19,HTTP Request,200,OK,Thread Group 1-1,text,true,,2559,118,1,1,https://www.baidu.com/,19,0,0
1648706136702,19,HTTP Request,200,OK,Thread Group 1-1,text,true,,2559,118,1,1,https://www.baidu.com/,19,0,0
1648706136722,18,HTTP Request,200,OK,Thread Group 1-1,text,true,,2559,118,1,1,https://www.baidu.com/,18,0,0
1648706136741,18,HTTP Request,200,OK,Thread Group 1-1,text,true,,2559,118,1,1,https://www.baidu.com/,18,0,0
1648706136759,20,HTTP Request,200,OK,Thread Group 1-1,text,true,,2559,118,1,1,https://www.baidu.com/,20,0,0
1648706136779,19,HTTP Request,200,OK,Thread Group 1-1,text,true,,2559,118,1,1,https://www.baidu.com/,19,0,0
1648706136798,19,HTTP Request,200,OK,Thread Group 1-1,text,true,,2559,118,1,1,https://www.baidu.com/,19,0,0
1648706136818,18,HTTP Request,200,OK,Thread Group 1-1,text,true,,2559,118,1,1,https://www.baidu.com/,18,0,0
1648706136837,18,HTTP Request,200,OK,Thread Group 1-1,text,true,,2559,118,1,1,https://www.baidu.com/,18,0,0
1648706136856,19,HTTP Request,200,OK,Thread Group 1-1,text,true,,2559,118,1,1,https://www.baidu.com/,19,0,0
1648706136875,19,HTTP Request,200,OK,Thread Group 1-1,text,true,,2559,118,1,1,https://www.baidu.com/,19,0,0
1648706136895,18,HTTP Request,200,OK,Thread Group 1-1,text,true,,2559,118,1,1,https://www.baidu.com/,18,0,0
1648706136914,19,HTTP Request,200,OK,Thread Group 1-1,text,true,,2559,118,1,1,https://www.baidu.com/,19,0,0
1648706136933,20,HTTP Request,200,OK,Thread Group 1-1,text,true,,2559,118,1,1,https://www.baidu.com/,19,0,0
1648706136953,18,HTTP Request,200,OK,Thread Group 1-1,text,true,,2559,118,1,1,https://www.baidu.com/,18,0,0
1648706136972,19,HTTP Request,200,OK,Thread Group 1-1,text,true,,2559,118,1,1,https://www.baidu.com/,19,0,0
1648706136991,19,HTTP Request,200,OK,Thread Group 1-1,text,true,,2559,118,1,1,https://www.baidu.com/,19,0,0
1648706137011,18,HTTP Request,200,OK,Thread Group 1-1,text,true,,2559,118,1,1,https://www.baidu.com/,18,0,0
1648706137029,19,HTTP Request,200,OK,Thread Group 1-1,text,true,,2559,118,1,1,https://www.baidu.com/,19,0,0
1648706137048,19,HTTP Request,200,OK,Thread Group 1-1,text,true,,2559,118,1,1,https://www.baidu.com/,19,0,0
1648706137067,19,HTTP Request,200,OK,Thread Group 1-1,text,true,,2559,118,1,1,https://www.baidu.com/,19,0,0
1648706137086,18,HTTP Request,200,OK,Thread Group 1-1,text,true,,2559,118,1,1,https://www.baidu.com/,18,0,0
1648706137105,18,HTTP Request,200,OK,Thread Group 1-1,text,true,,2559,118,1,1,https://www.baidu.com/,18,0,0
1648706137123,22,HTTP Request,Non HTTP response code: org.apache.http.NoHttpResponseException,Non HTTP response message: www.baidu.com:443 failed to respond,Thread Group 1-1,text,false,,2060,0,1,1,https://www.baidu.com/,0,0,0
1648706137146,95,HTTP Request,200,OK,Thread Group 1-1,text,true,,2559,118,1,1,https://www.baidu.com/,94,0,76
1648706137241,18,HTTP Request,200,OK,Thread Group 1-1,text,true,,2559,118,1,1,https://www.baidu.com/,18,0,0
1648706137260,19,HTTP Request,200,OK,Thread Group 1-1,text,true,,2559,118,1,1,https://www.baidu.com/,19,0,0
1648706137279,19,HTTP Request,200,OK,Thread Group 1-1,text,true,,2559,118,1,1,https://www.baidu.com/,19,0,0
1648706137298,29,HTTP Request,200,OK,Thread Group 1-1,text,true,,2559,118,1,1,https://www.baidu.com/,29,0,0
1648706137327,22,HTTP Request,200,OK,Thread Group 1-1,text,true,,2559,118,1,1,https://www.baidu.com/,22,0,0
1648706137349,21,HTTP Request,200,OK,Thread Group 1-1,text,true,,2559,118,1,1,https://www.baidu.com/,21,0,0
1648706137370,22,HTTP Request,200,OK,Thread Group 1-1,text,true,,2559,118,1,1,https://www.baidu.com/,22,0,0
1648706137392,23,HTTP Request,200,OK,Thread Group 1-1,text,true,,2559,118,1,1,https://www.baidu.com/,23,0,0
1648706137415,20,HTTP Request,200,OK,Thread Group 1-1,text,true,,2559,118,1,1,https://www.baidu.com/,20,0,0
1648706137436,21,HTTP Request,200,OK,Thread Group 1-1,text,true,,2559,118,1,1,https://www.baidu.com/,21,0,0
1648706137457,19,HTTP Request,200,OK,Thread Group 1-1,text,true,,2559,118,1,1,https://www.baidu.com/,19,0,0
1648706137477,19,HTTP Request,200,OK,Thread Group 1-1,text,true,,2559,118,1,1,https://www.baidu.com/,19,0,0
1648706137496,19,HTTP Request,200,OK,Thread Group 1-1,text,true,,2559,118,1,1,https://www.baidu.com/,19,0,0
1648706137515,19,HTTP Request,200,OK,Thread Group 1-1,text,true,,2559,118,1,1,https://www.baidu.com/,19,0,0
1648706137535,22,HTTP Request,200,OK,Thread Group 1-1,text,true,,2559,118,1,1,https://www.baidu.com/,22,0,0
1648706137557,19,HTTP Request,200,OK,Thread Group 1-1,text,true,,2559,118,1,1,https://www.baidu.com/,19,0,0
1648706137576,19,HTTP Request,200,OK,Thread Group 1-1,text,true,,2559,118,1,1,https://www.baidu.com/,19,0,0
1648706137595,19,HTTP Request,200,OK,Thread Group 1-1,text,true,,2559,118,1,1,https://www.baidu.com/,19,0,0
1648706137614,19,HTTP Request,200,OK,Thread Group 1-1,text,true,,2559,118,1,1,https://www.baidu.com/,19,0,0
1648706137634,18,HTTP Request,200,OK,Thread Group 1-1,text,true,,2559,118,1,1,https://www.baidu.com/,18,0,0
1648706137652,18,HTTP Request,200,OK,Thread Group 1-1,text,true,,2559,118,1,1,https://www.baidu.com/,18,0,0
1648706137670,17,HTTP Request,200,OK,Thread Group 1-1,text,true,,2559,118,1,1,https://www.baidu.com/,17,0,0
1648706137688,17,HTTP Request,200,OK,Thread Group 1-1,text,true,,2559,118,1,1,https://www.baidu.com/,17,0,0
1648706137705,18,HTTP Request,200,OK,Thread Group 1-1,text,true,,2559,118,1,1,https://www.baidu.com/,18,0,0
1648706137723,18,HTTP Request,200,OK,Thread Group 1-1,text,true,,2559,118,1,1,https://www.baidu.com/,18,0,0
1648706137741,18,HTTP Request,200,OK,Thread Group 1-1,text,true,,2559,118,1,1,https://www.baidu.com/,18,0,0
1648706137760,18,HTTP Request,200,OK,Thread Group 1-1,text,true,,2559,118,1,1,https://www.baidu.com/,18,0,0
1648706137779,18,HTTP Request,200,OK,Thread Group 1-1,text,true,,2559,118,1,1,https://www.baidu.com/,18,0,0
1648706137797,18,HTTP Request,200,OK,Thread Group 1-1,text,true,,2559,118,1,1,https://www.baidu.com/,18,0,0
1648706137815,18,HTTP Request,200,OK,Thread Group 1-1,text,true,,2559,118,1,1,https://www.baidu.com/,18,0,0
1648706137834,19,HTTP Request,200,OK,Thread Group 1-1,text,true,,2559,118,1,1,https://www.baidu.com/,19,0,0
1648706137853,18,HTTP Request,200,OK,Thread Group 1-1,text,true,,2559,118,1,1,https://www.baidu.com/,18,0,0
1648706137872,17,HTTP Request,200,OK,Thread Group 1-1,text,true,,2559,118,1,1,https://www.baidu.com/,17,0,0
1648706137890,17,HTTP Request,200,OK,Thread Group 1-1,text,true,,2559,118,1,1,https://www.baidu.com/,17,0,0
1648706137907,19,HTTP Request,200,OK,Thread Group 1-1,text,true,,2559,118,1,1,https://www.baidu.com/,19,0,0
1648706137926,17,HTTP Request,200,OK,Thread Group 1-1,text,true,,2559,118,1,1,https://www.baidu.com/,17,0,0
1648706137944,18,HTTP Request,200,OK,Thread Group 1-1,text,true,,2559,118,1,1,https://www.baidu.com/,18,0,0
1648706137963,17,HTTP Request,200,OK,Thread Group 1-1,text,true,,2559,118,1,1,https://www.baidu.com/,17,0,0
1648706137980,19,HTTP Request,200,OK,Thread Group 1-1,text,true,,2559,118,1,1,https://www.baidu.com/,19,0,0
1648706137999,18,HTTP Request,200,OK,Thread Group 1-1,text,true,,2559,118,1,1,https://www.baidu.com/,18,0,0
1648706138018,17,HTTP Request,200,OK,Thread Group 1-1,text,true,,2559,118,1,1,https://www.baidu.com/,17,0,0
1648706138036,18,HTTP Request,200,OK,Thread Group 1-1,text,true,,2559,118,1,1,https://www.baidu.com/,17,0,0
1648706138054,17,HTTP Request,200,OK,Thread Group 1-1,text,true,,2559,118,1,1,https://www.baidu.com/,17,0,0
1648706138072,19,HTTP Request,200,OK,Thread Group 1-1,text,true,,2559,118,1,1,https://www.baidu.com/,19,0,0
1648706138091,19,HTTP Request,200,OK,Thread Group 1-1,text,true,,2559,118,1,1,https://www.baidu.com/,19,0,0
1648706138110,18,HTTP Request,200,OK,Thread Group 1-1,text,true,,2559,118,1,1,https://www.baidu.com/,18,0,0
1648706138128,18,HTTP Request,200,OK,Thread Group 1-1,text,true,,2559,118,1,1,https://www.baidu.com/,18,0,0
1648706138146,18,HTTP Request,200,OK,Thread Group 1-1,text,true,,2559,118,1,1,https://www.baidu.com/,18,0,0
1648706138164,18,HTTP Request,200,OK,Thread Group 1-1,text,true,,2559,118,1,1,https://www.baidu.com/,18,0,0
1648706138183,18,HTTP Request,200,OK,Thread Group 1-1,text,true,,2559,118,1,1,https://www.baidu.com/,18,0,0
1648706138201,18,HTTP Request,200,OK,Thread Group 1-1,text,true,,2559,118,1,1,https://www.baidu.com/,18,0,0
1648706138219,18,HTTP Request,200,OK,Thread Group 1-1,text,true,,2559,118,1,1,https://www.baidu.com/,18,0,0
1648706138238,18,HTTP Request,200,OK,Thread Group 1-1,text,true,,2559,118,1,1,https://www.baidu.com/,18,0,0
1648706138256,19,HTTP Request,200,OK,Thread Group 1-1,text,true,,2559,118,1,1,https://www.baidu.com/,19,0,0
1648706138275,18,HTTP Request,200,OK,Thread Group 1-1,text,true,,2559,118,1,1,https://www.baidu.com/,18,0,0
1648706138294,18,HTTP Request,200,OK,Thread Group 1-1,text,true,,2559,118,1,1,https://www.baidu.com/,18,0,0
1648706138312,17,HTTP Request,200,OK,Thread Group 1-1,text,true,,2559,118,1,1,https://www.baidu.com/,17,0,0
1648706138329,18,HTTP Request,200,OK,Thread Group 1-1,text,true,,2559,118,1,1,https://www.baidu.com/,18,0,0
1648706138348,17,HTTP Request,200,OK,Thread Group 1-1,text,true,,2559,118,1,1,https://www.baidu.com/,17,0,0
1648706138366,17,HTTP Request,200,OK,Thread Group 1-1,text,true,,2559,118,1,1,https://www.baidu.com/,17,0,0
1648706138384,18,HTTP Request,200,OK,Thread Group 1-1,text,true,,2559,118,1,1,https://www.baidu.com/,18,0,0
1648706138402,18,HTTP Request,200,OK,Thread Group 1-1,text,true,,2559,118,1,1,https://www.baidu.com/,18,0,0
1648706138421,18,HTTP Request,200,OK,Thread Group 1-1,text,true,,2559,118,1,1,https://www.baidu.com/,18,0,0
1648706138439,18,HTTP Request,200,OK,Thread Group 1-1,text,true,,2559,118,1,1,https://www.baidu.com/,18,0,0
1648706138457,18,HTTP Request,200,OK,Thread Group 1-1,text,true,,2559,118,1,1,https://www.baidu.com/,18,0,0
1648706138475,18,HTTP Request,200,OK,Thread Group 1-1,text,true,,2559,118,1,1,https://www.baidu.com/,18,0,0
1648706138493,18,HTTP Request,200,OK,Thread Group 1-1,text,true,,2559,118,1,1,https://www.baidu.com/,18,0,0
1648706138512,19,HTTP Request,200,OK,Thread Group 1-1,text,true,,2559,118,1,1,https://www.baidu.com/,19,0,0
1648706138532,18,HTTP Request,200,OK,Thread Group 1-1,text,true,,2559,118,1,1,https://www.baidu.com/,18,0,0
1648706138550,17,HTTP Request,200,OK,Thread Group 1-1,text,true,,2559,118,1,1,https://www.baidu.com/,17,0,0
1648706138568,18,HTTP Request,200,OK,Thread Group 1-1,text,true,,2559,118,1,1,https://www.baidu.com/,18,0,0
1648706138586,18,HTTP Request,200,OK,Thread Group 1-1,text,true,,2559,118,1,1,https://www.baidu.com/,18,0,0
1648706138604,17,HTTP Request,200,OK,Thread Group 1-1,text,true,,2559,118,1,1,https://www.baidu.com/,17,0,0
1648706138622,17,HTTP Request,200,OK,Thread Group 1-1,text,true,,2559,118,1,1,https://www.baidu.com/,17,0,0
1648706138640,18,HTTP Request,200,OK,Thread Group 1-1,text,true,,2559,118,1,1,https://www.baidu.com/,18,0,0
1648706138658,18,HTTP Request,200,OK,Thread Group 1-1,text,true,,2559,118,1,1,https://www.baidu.com/,18,0,0
1648706138676,18,HTTP Request,200,OK,Thread Group 1-1,text,true,,2559,118,1,1,https://www.baidu.com/,18,0,0
1648706138694,18,HTTP Request,200,OK,Thread Group 1-1,text,true,,2559,118,1,1,https://www.baidu.com/,18,0,0
1648706138712,18,HTTP Request,200,OK,Thread Group 1-1,text,true,,2559,118,1,1,https://www.baidu.com/,18,0,0
1648706138730,17,HTTP Request,200,OK,Thread Group 1-1,text,true,,2559,118,1,1,https://www.baidu.com/,17,0,0
1648706138748,17,HTTP Request,200,OK,Thread Group 1-1,text,true,,2559,118,1,1,https://www.baidu.com/,17,0,0
1648706138766,18,HTTP Request,200,OK,Thread Group 1-1,text,true,,2559,118,1,1,https://www.baidu.com/,18,0,0
1648706138784,18,HTTP Request,200,OK,Thread Group 1-1,text,true,,2559,118,1,1,https://www.baidu.com/,18,0,0
1648706138803,18,HTTP Request,200,OK,Thread Group 1-1,text,true,,2559,118,1,1,https://www.baidu.com/,18,0,0
1648706138821,18,HTTP Request,200,OK,Thread Group 1-1,text,true,,2559,118,1,1,https://www.baidu.com/,18,0,0
1648706138839,18,HTTP Request,200,OK,Thread Group 1-1,text,true,,2559,118,1,1,https://www.baidu.com/,18,0,0
1648706138858,18,HTTP Request,200,OK,Thread Group 1-1,text,true,,2559,118,1,1,https://www.baidu.com/,18,0,0
1648706138876,17,HTTP Request,200,OK,Thread Group 1-1,text,true,,2559,118,1,1,https://www.baidu.com/,17,0,0
1648706138893,18,HTTP Request,200,OK,Thread Group 1-1,text,true,,2559,118,1,1,https://www.baidu.com/,18,0,0
1648706138911,18,HTTP Request,200,OK,Thread Group 1-1,text,true,,2559,118,1,1,https://www.baidu.com/,18,0,0
1648706138930,17,HTTP Request,200,OK,Thread Group 1-1,text,true,,2559,118,1,1,https://www.baidu.com/,17,0,0
1648706138947,20,HTTP Request,200,OK,Thread Group 1-1,text,true,,2559,118,1,1,https://www.baidu.com/,20,0,0
1648706138967,18,HTTP Request,200,OK,Thread Group 1-1,text,true,,2559,118,1,1,https://www.baidu.com/,18,0,0
1648706138985,18,HTTP Request,200,OK,Thread Group 1-1,text,true,,2559,118,1,1,https://www.baidu.com/,18,0,0
1648706139003,18,HTTP Request,200,OK,Thread Group 1-1,text,true,,2559,118,1,1,https://www.baidu.com/,18,0,0
1648706139021,18,HTTP Request,200,OK,Thread Group 1-1,text,true,,2559,118,1,1,https://www.baidu.com/,18,0,0
1648706139039,26,HTTP Request,200,OK,Thread Group 1-1,text,true,,2559,118,1,1,https://www.baidu.com/,25,0,0
1648706139065,18,HTTP Request,200,OK,Thread Group 1-1,text,true,,2559,118,1,1,https://www.baidu.com/,18,0,0
1648706139083,18,HTTP Request,200,OK,Thread Group 1-1,text,true,,2559,118,1,1,https://www.baidu.com/,18,0,0
1648706139101,18,HTTP Request,200,OK,Thread Group 1-1,text,true,,2559,118,1,1,https://www.baidu.com/,18,0,0
1648706139119,18,HTTP Request,200,OK,Thread Group 1-1,text,true,,2559,118,1,1,https://www.baidu.com/,18,0,0
1648706139137,18,HTTP Request,200,OK,Thread Group 1-1,text,true,,2559,118,1,1,https://www.baidu.com/,18,0,0
1648706139156,18,HTTP Request,200,OK,Thread Group 1-1,text,true,,2559,118,1,1,https://www.baidu.com/,18,0,0
1648706139174,17,HTTP Request,200,OK,Thread Group 1-1,text,true,,2559,118,1,1,https://www.baidu.com/,17,0,0
1648706139192,18,HTTP Request,200,OK,Thread Group 1-1,text,true,,2559,118,1,1,https://www.baidu.com/,18,0,0
1648706139210,18,HTTP Request,200,OK,Thread Group 1-1,text,true,,2559,118,1,1,https://www.baidu.com/,18,0,0
1648706139229,18,HTTP Request,200,OK,Thread Group 1-1,text,true,,2559,118,1,1,https://www.baidu.com/,18,0,0
1648706139248,18,HTTP Request,200,OK,Thread Group 1-1,text,true,,2559,118,1,1,https://www.baidu.com/,18,0,0
1648706139266,18,HTTP Request,200,OK,Thread Group 1-1,text,true,,2559,118,1,1,https://www.baidu.com/,18,0,0
1648706139285,17,HTTP Request,200,OK,Thread Group 1-1,text,true,,2559,118,1,1,https://www.baidu.com/,17,0,0
1648706139302,18,HTTP Request,200,OK,Thread Group 1-1,text,true,,2559,118,1,1,https://www.baidu.com/,18,0,0
1648706139321,17,HTTP Request,200,OK,Thread Group 1-1,text,true,,2559,118,1,1,https://www.baidu.com/,17,0,0
1648706139339,18,HTTP Request,200,OK,Thread Group 1-1,text,true,,2559,118,1,1,https://www.baidu.com/,18,0,0
1648706139357,18,HTTP Request,200,OK,Thread Group 1-1,text,true,,2559,118,1,1,https://www.baidu.com/,18,0,0
1648706139375,18,HTTP Request,200,OK,Thread Group 1-1,text,true,,2559,118,1,1,https://www.baidu.com/,18,0,0
1648706139393,17,HTTP Request,200,OK,Thread Group 1-1,text,true,,2559,118,1,1,https://www.baidu.com/,17,0,0
1648706139411,17,HTTP Request,200,OK,Thread Group 1-1,text,true,,2559,118,1,1,https://www.baidu.com/,17,0,0
1648706139428,19,HTTP Request,200,OK,Thread Group 1-1,text,true,,2559,118,1,1,https://www.baidu.com/,18,0,0
1648706139447,18,HTTP Request,200,OK,Thread Group 1-1,text,true,,2559,118,1,1,https://www.baidu.com/,18,0,0
1648706139465,20,HTTP Request,200,OK,Thread Group 1-1,text,true,,2559,118,1,1,https://www.baidu.com/,20,0,0
1648706139485,19,HTTP Request,200,OK,Thread Group 1-1,text,true,,2559,118,1,1,https://www.baidu.com/,19,0,0
1648706139504,19,HTTP Request,200,OK,Thread Group 1-1,text,true,,2559,118,1,1,https://www.baidu.com/,19,0,0
1648706139523,18,HTTP Request,200,OK,Thread Group 1-1,text,true,,2559,118,1,1,https://www.baidu.com/,18,0,0
1648706139542,18,HTTP Request,200,OK,Thread Group 1-1,text,true,,2559,118,1,1,https://www.baidu.com/,18,0,0
1648706139560,18,HTTP Request,200,OK,Thread Group 1-1,text,true,,2559,118,1,1,https://www.baidu.com/,18,0,0
1648706139579,17,HTTP Request,200,OK,Thread Group 1-1,text,true,,2559,118,1,1,https://www.baidu.com/,17,0,0
1648706139596,17,HTTP Request,200,OK,Thread Group 1-1,text,true,,2559,118,1,1,https://www.baidu.com/,17,0,0
1648706139614,18,HTTP Request,200,OK,Thread Group 1-1,text,true,,2559,118,1,1,https://www.baidu.com/,18,0,0
1648706139632,18,HTTP Request,200,OK,Thread Group 1-1,text,true,,2559,118,1,1,https://www.baidu.com/,18,0,0
1648706139650,18,HTTP Request,200,OK,Thread Group 1-1,text,true,,2559,118,1,1,https://www.baidu.com/,17,0,0
1648706139668,18,HTTP Request,200,OK,Thread Group 1-1,text,true,,2559,118,1,1,https://www.baidu.com/,18,0,0
1648706139686,18,HTTP Request,200,OK,Thread Group 1-1,text,true,,2559,118,1,1,https://www.baidu.com/,18,0,0
1648706139704,18,HTTP Request,200,OK,Thread Group 1-1,text,true,,2559,118,1,1,https://www.baidu.com/,18,0,0
1648706139723,17,HTTP Request,200,OK,Thread Group 1-1,text,true,,2559,118,1,1,https://www.baidu.com/,17,0,0
1648706139741,18,HTTP Request,200,OK,Thread Group 1-1,text,true,,2559,118,1,1,https://www.baidu.com/,18,0,0
1648706139759,18,HTTP Request,200,OK,Thread Group 1-1,text,true,,2559,118,1,1,https://www.baidu.com/,18,0,0
1648706139777,18,HTTP Request,200,OK,Thread Group 1-1,text,true,,2559,118,1,1,https://www.baidu.com/,18,0,0
1648706139795,18,HTTP Request,200,OK,Thread Group 1-1,text,true,,2559,118,1,1,https://www.baidu.com/,17,0,0
1648706139813,18,HTTP Request,200,OK,Thread Group 1-1,text,true,,2559,118,1,1,https://www.baidu.com/,18,0,0
1648706139831,17,HTTP Request,200,OK,Thread Group 1-1,text,true,,2559,118,1,1,https://www.baidu.com/,17,0,0
1648706139849,18,HTTP Request,200,OK,Thread Group 1-1,text,true,,2559,118,1,1,https://www.baidu.com/,18,0,0
1648706139867,19,HTTP Request,200,OK,Thread Group 1-1,text,true,,2559,118,1,1,https://www.baidu.com/,19,0,0
1648706139886,18,HTTP Request,200,OK,Thread Group 1-1,text,true,,2559,118,1,1,https://www.baidu.com/,18,0,0
1648706139904,19,HTTP Request,200,OK,Thread Group 1-1,text,true,,2559,118,1,1,https://www.baidu.com/,19,0,0
1648706139923,18,HTTP Request,200,OK,Thread Group 1-1,text,true,,2559,118,1,1,https://www.baidu.com/,18,0,0
1648706139941,18,HTTP Request,200,OK,Thread Group 1-1,text,true,,2559,118,1,1,https://www.baidu.com/,18,0,0
1648706139959,18,HTTP Request,200,OK,Thread Group 1-1,text,true,,2559,118,1,1,https://www.baidu.com/,18,0,0
1648706139977,18,HTTP Request,200,OK,Thread Group 1-1,text,true,,2559,118,1,1,https://www.baidu.com/,18,0,0
1648706139995,17,HTTP Request,200,OK,Thread Group 1-1,text,true,,2559,118,1,1,https://www.baidu.com/,17,0,0
1648706140012,17,HTTP Request,200,OK,Thread Group 1-1,text,true,,2559,118,1,1,https://www.baidu.com/,17,0,0
1648706140029,18,HTTP Request,200,OK,Thread Group 1-1,text,true,,2559,118,1,1,https://www.baidu.com/,18,0,0
1648706140047,19,HTTP Request,200,OK,Thread Group 1-1,text,true,,2559,118,1,1,https://www.baidu.com/,19,0,0
1648706140066,19,HTTP Request,200,OK,Thread Group 1-1,text,true,,2559,118,1,1,https://www.baidu.com/,19,0,0
1648706140085,18,HTTP Request,200,OK,Thread Group 1-1,text,true,,2559,118,1,1,https://www.baidu.com/,18,0,0
1648706140103,18,HTTP Request,200,OK,Thread Group 1-1,text,true,,2559,118,1,1,https://www.baidu.com/,18,0,0
1648706140121,18,HTTP Request,200,OK,Thread Group 1-1,text,true,,2559,118,1,1,https://www.baidu.com/,18,0,0
1648706140139,19,HTTP Request,200,OK,Thread Group 1-1,text,true,,2559,118,1,1,https://www.baidu.com/,19,0,0
1648706140158,18,HTTP Request,200,OK,Thread Group 1-1,text,true,,2559,118,1,1,https://www.baidu.com/,18,0,0
1648706140176,18,HTTP Request,200,OK,Thread Group 1-1,text,true,,2559,118,1,1,https://www.baidu.com/,18,0,0
1648706140194,18,HTTP Request,200,OK,Thread Group 1-1,text,true,,2559,118,1,1,https://www.baidu.com/,18,0,0
1648706140213,17,HTTP Request,200,OK,Thread Group 1-1,text,true,,2559,118,1,1,https://www.baidu.com/,17,0,0
1648706140230,19,HTTP Request,200,OK,Thread Group 1-1,text,true,,2559,118,1,1,https://www.baidu.com/,18,0,0
1648706140249,19,HTTP Request,200,OK,Thread Group 1-1,text,true,,2559,118,1,1,https://www.baidu.com/,18,0,0
1648706140268,18,HTTP Request,200,OK,Thread Group 1-1,text,true,,2559,118,1,1,https://www.baidu.com/,18,0,0
1648706140286,18,HTTP Request,200,OK,Thread Group 1-1,text,true,,2559,118,1,1,https://www.baidu.com/,18,0,0
1648706140304,19,HTTP Request,200,OK,Thread Group 1-1,text,true,,2559,118,1,1,https://www.baidu.com/,19,0,0
1648706140323,18,HTTP Request,200,OK,Thread Group 1-1,text,true,,2559,118,1,1,https://www.baidu.com/,18,0,0
1648706140341,18,HTTP Request,200,OK,Thread Group 1-1,text,true,,2559,118,1,1,https://www.baidu.com/,18,0,0
1648706140359,18,HTTP Request,200,OK,Thread Group 1-1,text,true,,2559,118,1,1,https://www.baidu.com/,18,0,0
1648706140377,18,HTTP Request,200,OK,Thread Group 1-1,text,true,,2559,118,1,1,https://www.baidu.com/,18,0,0
1648706140396,18,HTTP Request,200,OK,Thread Group 1-1,text,true,,2559,118,1,1,https://www.baidu.com/,18,0,0
1648706140414,17,HTTP Request,200,OK,Thread Group 1-1,text,true,,2559,118,1,1,https://www.baidu.com/,17,0,0
1648706140432,18,HTTP Request,200,OK,Thread Group 1-1,text,true,,2559,118,1,1,https://www.baidu.com/,18,0,0
1648706140450,18,HTTP Request,200,OK,Thread Group 1-1,text,true,,2559,118,1,1,https://www.baidu.com/,18,0,0
1648706140469,17,HTTP Request,200,OK,Thread Group 1-1,text,true,,2559,118,1,1,https://www.baidu.com/,17,0,0
1648706140487,18,HTTP Request,200,OK,Thread Group 1-1,text,true,,2559,118,1,1,https://www.baidu.com/,18,0,0
1648706140505,18,HTTP Request,200,OK,Thread Group 1-1,text,true,,2559,118,1,1,https://www.baidu.com/,18,0,0
1648706140524,18,HTTP Request,200,OK,Thread Group 1-1,text,true,,2559,118,1,1,https://www.baidu.com/,18,0,0
1648706140542,18,HTTP Request,200,OK,Thread Group 1-1,text,true,,2559,118,1,1,https://www.baidu.com/,18,0,0
1648706140561,18,HTTP Request,200,OK,Thread Group 1-1,text,true,,2559,118,1,1,https://www.baidu.com/,18,0,0
1648706140579,18,HTTP Request,200,OK,Thread Group 1-1,text,true,,2559,118,1,1,https://www.baidu.com/,18,0,0
1648706140598,17,HTTP Request,200,OK,Thread Group 1-1,text,true,,2559,118,1,1,https://www.baidu.com/,17,0,0
1648706140616,18,HTTP Request,200,OK,Thread Group 1-1,text,true,,2559,118,1,1,https://www.baidu.com/,18,0,0
1648706140634,17,HTTP Request,200,OK,Thread Group 1-1,text,true,,2559,118,1,1,https://www.baidu.com/,17,0,0
1648706140652,18,HTTP Request,200,OK,Thread Group 1-1,text,true,,2559,118,1,1,https://www.baidu.com/,18,0,0
1648706140670,18,HTTP Request,200,OK,Thread Group 1-1,text,true,,2559,118,1,1,https://www.baidu.com/,18,0,0
1648706140689,17,HTTP Request,200,OK,Thread Group 1-1,text,true,,2559,118,1,1,https://www.baidu.com/,17,0,0
1648706140707,17,HTTP Request,200,OK,Thread Group 1-1,text,true,,2559,118,1,1,https://www.baidu.com/,17,0,0
1648706140725,17,HTTP Request,200,OK,Thread Group 1-1,text,true,,2559,118,1,1,https://www.baidu.com/,17,0,0
1648706140743,17,HTTP Request,200,OK,Thread Group 1-1,text,true,,2559,118,1,1,https://www.baidu.com/,17,0,0
1648706140760,19,HTTP Request,200,OK,Thread Group 1-1,text,true,,2559,118,1,1,https://www.baidu.com/,19,0,0
1648706140779,18,HTTP Request,200,OK,Thread Group 1-1,text,true,,2559,118,1,1,https://www.baidu.com/,18,0,0
1648706140797,17,HTTP Request,200,OK,Thread Group 1-1,text,true,,2559,118,1,1,https://www.baidu.com/,17,0,0
